{"circuit_num": 15, "epochs": 1, "starting_var": [-0.38682177519686206, -0.7336807106107468, 0.5859782054959081, -1.7357887596444102, -0.8266952119669686, 1.183834229536008, 0.3550460442886883, 2.442849914623517, -0.03692546849854546, -2.711714053763516, 0.9914896332082266, 0.19224277019085156, -0.3527926256902223, -1.3395228273550102, -0.1886725862612827, 0.5965866467878371, 0.34045448213062535, 0.08342534402680503, 0.6059921223537368, 0.16893721499737166, -1.0388912512870523, 0.28523808412345364, 0.5023913854037069, 1.9338749820394232, 0.04832487785266145, -1.051768690708377, 1.1665823865992835, 0.7354671751944397, -0.5631299329921868, -1.2130081942929885, 1.5481281604801898], "step_size": 0.12734083181407146, "beta1": 0.8994568840243853, "beta2": 0.9988101791980776, "final_vars": [-0.15057837139876057, -0.5225405834916829, 0.3659165579973494, -1.4205989533017747, -0.7204918891946339, 0.9957786460847929, 0.14580072782922682, 2.6631077709520192, 0.20942075864524934, -2.9723836134416772, 0.7578292677282942, -0.03053280032893509, -0.11480934127208706, -1.5458257804943951, -0.40238936333945446, 1.287619300607034, 0.652789646495065, 0.30160413581221, 0.33573996033833825, 0.5119467708666808, -1.2383496144950574, 0.39829525293517287, 0.2580849608444313, 2.126218669624513, -0.17041540498535432, -1.235695879980184, 1.3441021145668528, 1.0048537716012809, -0.8314237156505764, -1.4698801584688626, 1.25895780999071]}